"protein","mean","sd","min","max","n_neg"
"lectin, galactoside-binding, soluble, 9",10.0368059614161,0.727390033643383,8.19986504311989,12.0157201768377,0
"tumor necrosis factor receptor superfamily, member 10a",4.01534958466745,0.763669075134012,2.6478197887355,6.15634130171707,0
"agouti related protein homolog (mouse)",5.17526187361696,0.692330421584558,3.69126518311514,7.14945767933521,0
"tumor necrosis factor receptor superfamily, member 10b",6.38400661072469,0.937841174504163,4.51881344812219,9.31464802272791,0
"tumor necrosis factor receptor superfamily, member 13B",9.70376674621782,0.859431802394257,5.33623712354704,13.493865579781,0
"c-fos induced growth factor (vascular endothelial growth factor D)",7.45901260912448,0.799007900250471,1.83375231287079,8.87446411963497,0
"dickkopf WNT signaling pathway inhibitor 1",10.3639693962921,0.66579822945583,8.06405214032824,11.8205115882177,0
"renin",8.28363283129369,0.885503600776939,6.2131743196006,11.0624495727202,0
"platelet-derived growth factor beta polypeptide",11.1160456545543,0.877560341107537,7.4644608546489,12.6742779562416,0
"growth hormone 1",7.97527665437343,1.96230193298081,2.70032085471038,12.1616665440526,0
"CD4 molecule",6.11359832020692,0.442372569689229,5.09923379893104,7.27532312639354,0
"polymeric immunoglobulin receptor",7.07297337327669,0.437896873462708,5.75673410327123,9.25953912370154,0
"alpha-1-microglobulin/bikunin precursor",8.36535989937564,0.522244629953004,6.5669594197452,10.0018910503649,0
"superoxide dismutase 2, mitochondrial",9.52953260913762,0.6448381161542,7.42945877164699,10.9259525581751,0
"heat shock 27kDa protein 1",10.6911645257127,0.823177332789164,8.15215298509885,12.5635567893736,0
"interleukin 6 (interferon, beta 2)_1",6.16234583003566,2.5902612034179,2.18272920283766,14.3150712182006,0
"interleukin 6 (interferon, beta 2)_2",5.31163758056715,2.52723667464742,1.34079921960582,13.5229783991594,0
"interleukin 6 (interferon, beta 2)_3",4.6805761332372,2.46996256985262,1.31031265801976,12.7017991085733,0
"lipoprotein lipase",10.1100244035822,0.851373787632946,7.82103964011204,11.8276733020854,0
"thrombomodulin",10.3691834350807,0.532798999257621,8.9259344392906,11.8482808941833,0
"decorin",5.71860748064117,0.541350880841499,4.46321005015202,7.71372291097152,0
"cathepsin L",8.22596448891709,1.05188274513999,6.65922342967069,11.0100697163938,0
"matrix metallopeptidase 7 (matrilysin, uterine)",9.92109579737434,0.59004948521918,8.16878401691326,11.2664834046371,0
"chemokine (C-X-C motif) ligand 1 (melanoma growth stimulating activity, alpha)_1",9.89422966581373,0.781605456474327,7.41365865751659,11.9560047166679,0
"chemokine (C-X-C motif) ligand 1 (melanoma growth stimulating activity, alpha)_2",10.7298285017809,0.822773873769857,8.1573678504674,12.9747960559342,0
"heme oxygenase (decycling) 1",12.3083764186665,0.939275471308021,9.62703042255265,14.8693687439364,0
"poly (ADP-ribose) polymerase 1",3.71689998501747,0.777604652176002,1.73474109775454,7.33969951915129,0
"chemokine (C-C motif) ligand 3_1",3.57514145963369,1.20618990828518,1.47905911356891,10.3478817218803,0
"chemokine (C-C motif) ligand 3_2",2.38042895742696,1.32674584488257,0.138234604115102,9.91037448652275,0
"fatty acid binding protein 2, intestinal",7.87433844449264,1.26371278357156,3.26558338147144,10.7218815993709,0
"v-src avian sarcoma (Schmidt-Ruppin A-2) viral oncogene homolog",7.24953264475968,0.709772212714723,5.69686440995671,9.06940459153635,0
"coagulation factor III (thromboplastin, tissue factor)",6.99442436982944,0.536458985890208,5.53176235908964,8.78542727762345,0
"natriuretic peptide B",2.93729414305305,1.94501680051987,0.690181482305281,9.54984648892271,0
"interleukin 1 receptor antagonist",5.58142789805221,1.04927949880083,3.39235114229238,8.09927724442684,0
"follistatin",11.3755770374202,0.815465110621641,9.15883784354338,13.5754507373685,0
"KIT ligand_1",9.58037080115783,1.11422277357385,6.44742775051451,11.7885606118074,0
"KIT ligand_2",9.00946280306345,1.13384912701906,5.99619938758399,11.3730865417574,0
"transglutaminase 2",8.56163833487193,0.752415343569979,4.85932105166751,10.799319987186,0
"bone morphogenetic protein 6",6.36287819353982,0.402784309742421,4.44480262081846,7.32188001654537,0
"interleukin 4 receptor",3.25708564870766,0.914270508016442,1.65271045727849,6.56274131303182,0
"coagulation factor II (thrombin) receptor",10.0100720703527,0.519730568126249,8.03293063279994,11.1511130478334,0
"pentraxin 3, long",4.30137627629821,0.947306270550746,1.55605502221821,6.74469293062205,0
"gastric intrinsic factor (vitamin B synthesis)",6.36400621052742,1.11464658714825,3.58741556293865,9.34420126190431,0
"CD40 ligand",8.37353959215659,1.16118520922714,5.01213576845658,10.4133057983843,0
"Fc fragment of IgG, low affinity IIb, receptor (CD32)",3.21677790370421,0.662166073239788,1.64367904685805,5.43324474575768,0
"carcinoembryonic antigen-related cell adhesion molecule 8",4.27329650713392,0.748619341345697,2.79300611692564,6.61243918540617,0
"carbonic anhydrase VA, mitochondrial",3.87744052154034,1.40026848722516,1.13405097262729,9.39682680088862,0
"adrenomedullin",8.6458416442739,0.745765440759293,6.8646620036289,10.8363577366292,0
"thrombospondin 2",6.52572514096948,0.480984107233394,5.34626440857817,8.2725441470937,0
"iduronidase, alpha-L-",6.7231652636809,0.541886711961904,5.20060020173664,7.92798034627985,0
"matrix metallopeptidase 12 (macrophage elastase)",6.84717792032473,1.01980184380912,4.38229201928989,10.9245786490879,0
"thrombopoietin",4.15450394279864,0.621804695825288,2.70475055922819,6.68606559097738,0
"leptin",6.74312225695444,1.1931727120029,2.9291724873414,9.54911284996864,0
"chemokine (C motif) ligand 1",5.7883579779819,0.762839324706911,3.85375503128214,8.34541067958137,0
"placental growth factor_1",8.41172717586372,0.641509891336492,7.08564497316768,11.3947343906655,0
"fatty acid binding protein 6, ileal",2.27729201889241,0.736476080685051,0.671822267101365,5.12982135093291,0
"proline/arginine-rich end leucine-rich repeat protein",7.2338439767989,0.412793698610805,6.15592131089911,8.39053651049583,0
"oxidized low density lipoprotein (lectin-like) receptor 1",7.01101413681222,0.652907415505092,5.60458769530242,9.02292586021571,0
"TEK tyrosine kinase, endothelial",8.0699422391928,0.462126365676727,6.60396074514626,9.51125035946586,0
"glyoxalase I",8.59219668543572,0.790212987824076,6.26235116557358,10.7610196190177,0
"c-mer proto-oncogene tyrosine kinase",7.04590039986983,0.574347171041679,5.48440645577859,8.78775623206603,0
"serine/threonine kinase 4",7.15409492817472,0.571167538466039,5.12981555199789,8.27570023788871,0
"pregnancy-associated plasma protein A, pappalysin 1",3.83724151847769,1.04568596255947,2.45695098271784,10.6357402319427,0
"interleukin 16",7.2673128662561,0.620384361968674,5.69879164714359,9.28167359533401,0
"interleukin 18 (interferon-gamma-inducing factor)_1",9.41392043509264,0.811200525373639,7.28395917259664,12.8215700144739,0
"interleukin 18 (interferon-gamma-inducing factor)_2",9.2380411376278,0.905167189383312,7.03654306646858,12.5649757778157,0
"selectin P ligand",5.77999418315461,0.471420057588165,3.47379192361106,6.88528580959833,0
"advanced glycosylation end product-specific receptor",5.48469491549013,0.684878126969055,3.46509300200887,7.29560065706926,0
"angiopoietin 1",10.3622206179415,0.837110214451418,7.39578415336367,12.5561404231952,0
"protease, serine, 8",9.65074865923249,0.632278259788996,8.11410428421318,11.4658649435175,0
"2,4-dienoyl CoA reductase 1, mitochondrial",8.87989222399153,0.854653992512693,5.73403950655479,10.7826806281685,0
"ADAM metallopeptidase with thrombospondin type 1 motif, 13",5.90365117555386,0.452583264388316,4.81377310950848,7.61363487467195,0
"serpin peptidase inhibitor, clade A (alpha-1 antiproteinase, antitrypsin), member 12",0.922114687715567,1.45203721573176,-1.82689091077682,6.14135264678742,59
"osteoclast associated, immunoglobulin-like receptor",10.6702613238997,0.660915347016746,8.85004853637918,12.4231899243215,0
"interleukin 27;Epstein-Barr virus induced 3",6.08582934122433,0.8090500325164,4.27980586846894,8.61319340999629,0
"interleukin 17D",2.70362484038341,0.423550543296697,1.57917280663476,4.215932297048,0
"chemokine (C-C motif) ligand 17",9.37324036334683,1.37448768112768,6.02689239494524,13.2124426002655,0
"hepatitis A virus cellular receptor 1_1",8.30525620128924,1.27995876561994,5.62094233993367,12.4721683575653,0
"hepatitis A virus cellular receptor 1_2",9.20060073468751,1.26390593801752,6.49806194852997,13.1989173228988,0
"V-set and immunoglobulin domain containing 2",3.75737487762905,0.72581688166172,2.34112921563964,6.41142765494924,0
"heparin-binding EGF-like growth factor",6.07099236725145,0.980847634201633,3.6682452457989,8.1133926530931,0
"sortilin 1",8.80992632588771,0.39887164208772,7.1849470657825,9.64745632090339,0
"chymotrypsin C (caldecrin)",10.3428146248052,1.2804343067044,4.65592691672254,12.7425181975685,0
"programmed cell death 1 ligand 2",3.44865214832711,0.408377545159754,2.36402237253023,4.58814071106333,0
"protease, serine 27",9.10318904873214,0.676015307683743,6.95809319166044,10.8405003806495,0
"spondin 2, extracellular matrix protein",10.6115225918926,0.65191010261028,8.65122214469336,12.2189922270737,0
"BOC cell adhesion associated, oncogene regulated",4.87122627433181,0.53817426178656,3.65144830165162,6.14145080920291,0
"angiotensin I converting enzyme 2",4.37661380363809,1.02618688199018,2.54505422497701,7.27055266424859,0
"fibroblast growth factor 23_1",3.76288340898079,1.03598264773935,2.28276580911041,9.58806025825959,0
"fibroblast growth factor 23_2",3.45604369668864,0.971962203590107,1.98485894023677,9.16645674153425,0
"interleukin 1 receptor-like 2",4.29906021057711,0.595000019685629,2.45666290117138,6.05272573664317,0
"SLAM family member 7",4.05152765237059,0.903009455860962,1.76780878315345,6.99159079191114,0
"fibroblast growth factor 21_1",7.54246171117443,2.22479945001069,3.30180214501641,13.9202337834654,0
"fibroblast growth factor 21_2",6.05594013741864,2.04354165109712,2.01313226852024,11.8512832917996,0
"macrophage receptor with collagenous structure",7.63020579101215,0.530600392469347,5.94052607524118,8.80280991578691,0
"CD84 molecule",6.97203642652723,0.558538091792021,5.56137167020163,8.08772817051503,0
"hydroxyacid oxidase (glycolate oxidase) 1",4.86458165879453,1.88226183070832,1.10411028891903,9.59506837895429,0
"growth differentiation factor 2",7.33821353513425,0.833610927313427,4.71305890836395,9.1710950693331,0
"integrin beta 1 binding protein (melusin) 2",6.75641144109398,1.25906765801179,2.73387587325999,9.22001299344202,0
"inhibitor of kappa light polypeptide gene enhancer in B-cells, kinase gamma",8.84492477258665,1.15414599634591,4.86970426248579,10.9678607073027,0
"tumor necrosis factor receptor superfamily, member 11a, NFKB activator",6.66731217493896,0.758535930232596,5.30627982193628,10.2942129196801,0
"tumor necrosis factor receptor superfamily, member 11b",10.4163261476879,0.783420616508874,8.34559631119833,12.3629204603383,0
"chemokine (C-X-C motif) ligand 11",9.64420530303694,1.08342426945075,7.05205008823568,12.4011952565176,0
"tumor necrosis factor (ligand) superfamily, member 11",3.78838714066429,1.06348182561623,1.2321908874448,6.14144884078123,0
"axin 1",7.81545475097679,1.33166438031532,4.02976676315398,10.5973174854696,0
"chemokine (C-C motif) ligand 25",6.19485439644184,0.673272307043235,4.15070675486271,8.32233316942619,0
"tumor necrosis factor (ligand) superfamily, member 12",10.1954873057641,0.9040886541134,6.95898602229427,12.755393585291,0
"tumor necrosis factor (ligand) superfamily, member 14",5.72269942400733,0.662845613203083,3.93241451484746,8.70464656878088,0
"STAM binding protein",7.76700400148591,1.20072038731863,4.52184555684443,10.0904681721622,0
"fibroblast growth factor 19",8.23678988374588,1.30938370677301,4.01884746692881,12.3071739503637,0
"interleukin 33",1.27821230064274,0.335242235783018,0.224485612251353,2.22667374011717,0
"plasminogen activator, urokinase",9.91654253000938,0.70407232967754,7.67224826001667,11.8227669698582,0
"adenosine deaminase",4.74485562892808,0.508316084488675,3.59661327468403,6.35055027641873,0
"transforming growth factor, alpha",3.82995490184561,0.567732162452979,2.87086629228088,6.23829173389395,0
"transforming growth factor, beta 1",8.18819254890661,0.493050462622319,6.76668503483814,9.5023149456171,0
"nerve growth factor (beta polypeptide)",1.72194079787973,0.169924337940294,1.22337158908288,2.38102580021883,0
"lymphotoxin alpha",4.55242727394821,0.666872587593529,2.66412528092878,7.27695302942483,0
"tumor necrosis factor",1.2257000684488,0.681813529468359,-0.268231362490445,3.81538561262552,2
"interferon, gamma",1.64497191635759,1.82235651903881,-1.68562303815451,7.10223337024476,34
"interleukin 1, alpha",0.812024434111091,0.41683943962996,-0.465347521254924,2.60871798242499,4
"chemokine (C-X-C motif) ligand 10",10.0538291073159,1.43794148032954,7.14266790650957,13.2148476418704,0
"matrix metallopeptidase 1 (interstitial collagenase)",14.1864072372503,1.03554452073153,11.1379508097309,16.690306132681,0
"interleukin 4",-1.52153893099339,0.661601460522308,-2.84311046052914,1.70015866068105,233
"interleukin 5 (colony-stimulating factor, eosinophil)_1",1.19245531501255,0.966942584015149,-0.322676472395764,6.21567076583645,9
"interleukin 5 (colony-stimulating factor, eosinophil)_2",0.429373149830371,1.01509549660284,-1.04167535606848,4.65976556975547,89
"interleukin 6 (interferon, beta 2)_4",6.16234583003566,2.5902612034179,2.18272920283766,14.3150712182006,0
"interleukin 6 (interferon, beta 2)_5",5.31163758056715,2.52723667464742,1.34079921960582,13.5229783991594,0
"interleukin 6 (interferon, beta 2)_6",4.6805761332372,2.46996256985262,1.31031265801976,12.7017991085733,0
"CD5 molecule",4.79473796444497,1.34830095523687,1.84178522841411,8.05296143294681,0
"matrix metallopeptidase 10 (stromelysin 2)",6.04747895660563,0.796532670713562,3.8555906929878,9.19702687918748,0
"chemokine (C-X-C motif) ligand 1 (melanoma growth stimulating activity, alpha)_3",9.89422966581373,0.781605456474327,7.41365865751659,11.9560047166679,0
"chemokine (C-X-C motif) ligand 1 (melanoma growth stimulating activity, alpha)_4",10.7298285017809,0.822773873769857,8.1573678504674,12.9747960559342,0
"colony stimulating factor 1 (macrophage)",9.94347306161915,0.618742202661403,8.38246224668817,11.5145403031695,0
"interleukin 8",6.86529889868071,0.862273293260377,5.23149665892829,10.0194098920414,0
"chemokine (C-C motif) ligand 3_3",3.57514145963369,1.20618990828518,1.47905911356891,10.3478817218803,0
"chemokine (C-C motif) ligand 3_4",2.38042895742696,1.32674584488257,0.138234604115102,9.91037448652275,0
"interleukin 7",4.57272579844499,0.718990708815982,2.72625044645356,6.51334176071178,0
"chemokine (C-C motif) ligand 4",2.91540434039734,0.735275194450759,1.62917384963589,6.63150464867083,0
"chemokine (C-C motif) ligand 2",11.3316945458775,1.07379879556445,8.85958187795909,14.2585655220273,0
"oncostatin M",4.61337166687288,1.06396589732598,2.46822675119491,8.06776480141995,0
"hepatocyte growth factor (hepapoietin A; scatter factor)",9.46881919652693,1.03193694954677,7.86732159970317,12.9490106497732,0
"interleukin 2 receptor, beta",1.33128686333508,0.282172816982301,0.541270209515322,2.48701831838422,0
"leukemia inhibitory factor",1.31113629581862,0.557047305583937,0.497734861533905,3.70117766128555,0
"vascular endothelial growth factor A",10.8703650848424,0.722577287666943,9.09214469524906,12.8888808822119,0
"neurotrophin 3",2.19172574801096,0.561129759127693,0.700058570840106,5.21017842380447,0
"KIT ligand_3",9.58037080115783,1.11422277357385,6.44742775051451,11.7885606118074,0
"KIT ligand_4",9.00946280306345,1.13384912701906,5.99619938758399,11.3730865417574,0
"interleukin 10_1",4.73701854669487,1.23740503149174,2.79934276280267,9.28967860971959,0
"interleukin 10_2",3.55628653715487,1.29863896811959,1.48697840161267,8.80539110620506,0
"CD40 molecule, TNF receptor superfamily member 5",12.3316443074638,0.571695832888761,10.486080750317,13.7379827503205,0
"cystatin D",7.03182723705737,0.653014813234485,5.69776412314977,8.90219580825065,0
"interleukin 12B (natural killer cell stimulatory factor 2, cytotoxic lymphocyte maturation factor 2, p40)",5.19407011736192,0.944579473185885,2.08250923129815,7.1386517323561,0
"interleukin 13",-0.589885359869818,0.510537285877649,-1.61219349910436,1.85252982668863,214
"glial cell derived neurotrophic factor",2.44650050280924,0.408057077484802,1.55804167897652,3.80378809313776,0
"leukemia inhibitory factor receptor alpha",3.52169383100299,0.476869158415827,2.54419448831997,6.48906107647748,0
"chemokine (C-X-C motif) ligand 5",11.9301366567214,1.48456982788117,7.39030107606193,14.746916021441,0
"fms-related tyrosine kinase 3 ligand",9.85336775682658,0.891080952202258,7.46292304203009,12.3068607675682,0
"sulfotransferase family, cytosolic, 1A, phenol-preferring, member 1",3.79388510326788,0.877969884933685,1.11387180896524,6.25980709908647,0
"tumor necrosis factor (ligand) superfamily, member 10",8.24486793399756,0.752373722523182,5.38736443558883,10.6104238846061,0
"chemokine (C-C motif) ligand 11_1",7.65012119631159,0.7090685851409,5.4784895014768,10.6370169270134,0
"chemokine (C-C motif) ligand 11_2",7.53385232597275,0.680963205465097,5.97321398625647,10.3640423161586,0
"chemokine (C-C motif) ligand 23",10.84796390494,0.911047003148675,9.00783330145989,13.1266977979767,0
"interleukin 2",0.515759416876602,0.317803878350794,-0.280327370130462,1.43323802351964,12
"chemokine (C-X3-C motif) ligand 1",6.91872197892783,0.657686387650922,5.39894402394525,8.57246259072498,0
"chemokine (C-C motif) ligand 20",2.51825086193876,1.41037168565398,0.189919131319905,7.21937498645497,0
"chemokine (C-C motif) ligand 8",9.35774732204279,1.08821235380908,6.20331388070605,13.7125526748268,0
"chemokine (C-C motif) ligand 7",3.22485566638072,1.59504937845556,1.00368309213677,9.27185478380407,0
"chemokine (C-X-C motif) ligand 6",9.48737415923972,0.939470633324173,6.96730622597715,12.0950206534958,0
"S100 calcium binding protein A12",3.5276202292081,1.59508885250157,0.706425716135404,8.84533570284715,0
"tumor necrosis factor receptor superfamily, member 9",6.58000235375112,0.803039488236584,4.92134531266846,11.4933688584525,0
"chemokine (C-X-C motif) ligand 9",7.51231751872654,1.13356540518666,5.10127881619049,10.5520990777467,0
"interleukin 10 receptor, beta",6.38497162539643,0.495843440078793,5.05735003618801,7.79869122497032,0
"interleukin 24",0.554853872686838,0.653150550706416,-1.21941095866559,3.60732329013854,44
"interleukin 15 receptor, alpha",1.44173499690361,0.498970626831174,0.511070921714454,3.03556669723386,0
"signaling lymphocytic activation molecule family member 1",3.11421935275001,0.692460575784474,1.81911261564708,6.65075875822253,0
"interleukin 18 receptor 1",8.52073612007826,0.736389849576679,6.68490296685453,10.2514464190582,0
"eukaryotic translation initiation factor 4E binding protein 1",9.92098402548926,0.716437436761581,7.9076557053227,11.5190030339794,0
"interleukin 10 receptor, alpha",-1.05421274587934,0.854793792104258,-2.21498638899841,2.51132715755779,218
"interleukin 18 (interferon-gamma-inducing factor)_3",9.41392043509264,0.811200525373639,7.28395917259664,12.8215700144739,0
"interleukin 18 (interferon-gamma-inducing factor)_4",9.2380411376278,0.905167189383312,7.03654306646858,12.5649757778157,0
"caspase 8, apoptosis-related cysteine peptidase",3.67994982499805,0.450693953243207,1.91185261416342,4.69383273475087,0
"interleukin 17A",1.25503002414822,0.820356529401159,-0.424155442364152,4.60026073435333,2
"artemin",0.403021026100837,0.445820582517328,-0.48048166597789,2.18653301298025,47
"sirtuin 2",7.70306649630975,1.21171832018858,3.93872130858246,10.0593071913566,0
"interleukin 22 receptor, alpha 1",0.536799127900622,0.517365784214727,-1.19279829042583,1.79510406302689,33
"delta/notch-like EGF repeat containing",8.88238103898858,0.689561186986021,6.33837853412291,10.7156148163694,0
"thymic stromal lymphopoietin",0.336742326297055,0.710791410916458,-1.40995692645759,4.05446725803938,70
"chemokine (C-C motif) ligand 13",14.6218767662534,1.12099451397784,11.6276166861282,17.5697760523867,0
"chemokine (C-C motif) ligand 19",9.88499860978759,1.0324820688077,7.66594450540124,12.8607453729984,0
"neurturin",0.738137534520097,0.333662483566119,-0.156106499906209,2.4160604889446,2
"CD244 molecule, natural killer cell receptor 2B4",7.28670501206018,0.575167215405522,5.66325742009891,8.6872655705059,0
"fibroblast growth factor 23_3",3.76288340898079,1.03598264773935,2.28276580911041,9.58806025825959,0
"fibroblast growth factor 23_4",3.45604369668864,0.971962203590107,1.98485894023677,9.16645674153425,0
"CUB domain containing protein 1",4.22673377821948,0.882976707048358,2.28604915386735,6.73812402679384,0
"chemokine (C-C motif) ligand 28",2.75688784072453,0.646465139024714,1.65082523294495,6.99537371439617,0
"fibroblast growth factor 21_3",7.54246171117443,2.22479945001069,3.30180214501641,13.9202337834654,0
"fibroblast growth factor 21_4",6.05594013741864,2.04354165109712,2.01313226852024,11.8512832917996,0
"interleukin 20",1.12186956011437,0.285356920454174,0.495472694741608,3.07166296355466,0
"CD274 molecule",6.24066252966886,0.527396114814533,5.06031410097984,8.1393575006429,0
"interleukin 17C",2.32720439530634,1.02514553388319,0.306125623119904,6.03606689422878,0
"interleukin 20 receptor, alpha",0.509630895641849,0.504169774381584,-0.362732165173652,3.83570556770167,10
"DNA fragmentation factor, 45kDa, alpha polypeptide",5.4525483748292,0.840288594883645,3.31966132447577,8.46222718807561,0
"BTB and CNC homology 1, basic leucine zipper transcription factor 1",3.65732572560905,1.12769295629377,0.336493643428601,6.29651479580371,0
"sprouty homolog 2 (Drosophila)",4.50514216713878,1.53482444958179,0.13078068404758,8.60135913175941,0
"integral membrane protein 2A",2.22477805966073,0.87703528263821,0.448879966632697,4.10047025224413,0
"lymphocyte antigen 75",2.78118187782593,0.446922629641258,1.8538091760764,4.44290421620093,0
"SH2 domain containing 1A",2.19398269513664,0.939725180597595,0.567688528288689,5.287263883616,0
"PC4 and SFRS1 interacting protein 1",3.80712715367842,0.980494649520105,1.89546638001211,7.2017091626943,0
"natural cytotoxicity triggering receptor 1",2.27278439120126,0.58433889907457,1.34095503769407,4.4239002629431,0
"hexamethylene bis-acetamide inducible 1",6.32146000562796,0.90623888004774,3.41587339596391,8.13093131239873,0
"DEAD (Asp-Glu-Ala-Asp) box polypeptide 58",4.10873650262499,1.54693075585995,1.38362159429442,8.0813199354412,0
"interleukin 5 (colony-stimulating factor, eosinophil)_3",1.19245531501255,0.966942584015149,-0.322676472395764,6.21567076583645,9
"interleukin 5 (colony-stimulating factor, eosinophil)_4",0.429373149830371,1.01509549660284,-1.04167535606848,4.65976556975547,89
"interleukin 6 (interferon, beta 2)_7",6.16234583003566,2.5902612034179,2.18272920283766,14.3150712182006,0
"interleukin 6 (interferon, beta 2)_8",5.31163758056715,2.52723667464742,1.34079921960582,13.5229783991594,0
"interleukin 6 (interferon, beta 2)_9",4.6805761332372,2.46996256985262,1.31031265801976,12.7017991085733,0
"jun proto-oncogene",-0.238070812429365,0.677364611399677,-1.88817868009357,2.66552009983668,170
"keratin 19",4.93136738995566,1.54705828420727,2.44759725070197,9.32200164753401,0
"fibroblast growth factor 2 (basic)",1.81739077411574,1.13274534283636,-0.989901767783562,3.94147655680954,15
"CD28 molecule",1.40066171599133,0.41756811344425,0.503388179020294,2.6743116780658,0
"hematopoietic cell-specific Lyn substrate 1",5.89021659340693,0.739354292146002,3.37004619508189,7.35442787725281,0
"amphiregulin,amphiregulin B",2.70819696363513,1.09432048041424,0.74351923898558,5.62569607142991,0
"galactosidase, beta 1",0.874902747272488,0.653241305814151,-1.08384266753244,2.64488053436663,15
"O-6-methylguanine-DNA methyltransferase",5.39906850592896,0.761646437140722,1.81231630220293,6.63328150448855,0
"integrin, beta 6",2.15105032115773,0.44369838747195,1.0166163801703,3.54748461007273,0
"lymphocyte-activation gene 3",3.00083773310925,0.744681493520552,1.11015033799,5.70744498966782,0
"tripartite motif containing 21",2.88696175253138,1.05922140445756,-0.992932336382856,5.80934353458488,3
"interleukin 10_3",4.73701854669487,1.23740503149174,2.79934276280267,9.28967860971959,0
"interleukin 10_4",3.55628653715487,1.29863896811959,1.48697840161267,8.80539110620506,0
"integrin, alpha 6",1.5860475991027,0.993935755439942,-0.922717872444083,3.93571235340799,13
"aryl hydrocarbon receptor nuclear translocator",-1.21916712433664,1.01469096214653,-2.80492584921113,5.26677263451096,222
"hydroxysteroid (11-beta) dehydrogenase 1",3.22198844748623,0.612062447895145,1.70444418662381,4.64089696302806,0
"peroxiredoxin 5",5.08174813899247,0.998754793739504,2.193590734622,7.01617345076627,0
"peroxiredoxin 3",1.61166149184517,0.932430808662751,-0.783251682714571,3.82988498869026,12
"neurotrophin 4",1.02077904995758,0.51276579812933,-0.0378163376338321,3.81724455690991,1
"neurofibromin 2 (merlin)",0.844413424624441,1.53069350267321,-3.04817787171783,3.53731352751203,65
"interleukin 12 receptor, beta 1",2.33296264975087,0.506204055695887,1.18608155611681,3.77657334134805,0
"chemokine (C-X-C motif) ligand 12",1.98640652264841,0.340623405717223,1.11192164472117,3.17721979937725,0
"mannan-binding lectin serine peptidase 1 (C4/C2 activating component of Ra-reactive factor)",1.64161233941861,0.413066039824529,0.611108006179363,2.71054305562129,0
"histamine N-methyltransferase",1.53154694285738,0.849133649297733,-0.306697993514159,5.28192398134097,4
"interleukin-1 receptor-associated kinase 1",3.22783551198414,1.14216627934876,-0.0912904475169538,5.99458766392448,1
"chemokine (C-C motif) ligand 11_3",7.65012119631159,0.7090685851409,5.4784895014768,10.6370169270134,0
"chemokine (C-C motif) ligand 11_4",7.53385232597275,0.680963205465097,5.97321398625647,10.3640423161586,0
"karyopherin alpha 1 (importin alpha 5)",-0.329312680062055,0.856714036119437,-1.60467873105394,5.8089821516994,184
"stanniocalcin 1",6.0171948637346,0.677498177948117,4.34792808099062,7.92760154535444,0
"family with sequence similarity 3, member B",4.32651037912697,0.7381724803476,2.22795224710267,6.28446621623941,0
"eukaryotic translation initiation factor 5A",-0.300300762981019,0.460309891479475,-1.16329492420725,2.2087188151096,195
"coxsackie virus and adenovirus receptor",2.00000585460563,0.583348015729192,0.741668572370894,4.08629994080393,0
"SRSF protein kinase 2",3.00726823165483,1.35965210725688,-0.858907383987416,5.76495571122909,6
"butyrophilin, subfamily 3, member A2",2.66393792408205,0.479133346245522,1.40223763431355,4.61584668754183,0
"interferon regulatory factor 9",2.75134588887644,0.836262861641441,1.09373986399521,5.50611583238734,0
"CD83 molecule",3.15696285882248,0.473515847299873,2.06665077819356,4.9508859299394,0
"parathyroid hormone 1 receptor",2.45001230481328,0.487818567080426,1.59387959667158,5.34878786196783,0
"eukaryotic translation initiation factor 4 gamma, 1",6.67971421110842,0.76582076765851,3.83060901931958,8.11887785197267,0
"protein kinase C, theta",1.64637966527545,1.17303833537574,-1.4798136841665,4.09960194103589,29
"islet cell autoantigen 1, 69kDa",3.50221066928772,1.14408922844177,0.693843176282476,6.82279905903844,0
"zinc finger and BTB domain containing 16",4.78443014474051,1.39077145322125,0.740053472157541,8.19340092801029,0
"peroxiredoxin 1",2.90880001580702,0.637065064395663,1.75108971309475,5.56237823165298,0
"cytoskeleton-associated protein 4",5.77162656529985,0.82649871280462,4.24708094621347,8.38519737774924,0
"TNF receptor-associated factor 2",4.28482738568892,1.01392641632009,1.62319985925186,5.97621911997242,0
"nuclear factor of activated T-cells, cytoplasmic, calcineurin-dependent 3",1.68918001293953,0.868840583388745,0.433901142039902,6.82626354172088,0
"killer cell lectin-like receptor subfamily D, member 1",6.10791053024804,0.752630547172809,4.4942792925712,8.1010778875418,0
"baculoviral IAP repeat containing 2",1.60053002658527,0.775613165691591,-0.0335264694737928,3.52767088309269,1
"diacylglycerol kinase, zeta",0.696389001992362,0.561458748783373,-0.527568856018826,2.26276482757107,30
"dynactin 1",5.32170023007764,0.918995710123293,2.50509258101532,7.05502602938375,0
"UDP-N-acetyl-alpha-D-galactosamine:polypeptide N-acetylgalactosaminyltransferase 3 (GalNAc-T3)",0.815511897575039,0.568050538603986,-0.357062103845974,4.19845463699835,6
"corneodesmosin",3.7652884399878,0.637867670681214,2.11086750295459,5.79845594220297,0
"tryptase alpha/beta 1",3.19685761360354,0.674410424437709,1.59573796373319,5.01307517395131,0
"Fc receptor-like 6",2.89505729198506,0.701011334641764,0.947975130994075,4.63662363173678,0
"C-type lectin domain family 6, member A",2.13336001806001,0.713461798741833,0.605223462684778,4.30068872533503,0
"C-type lectin domain family 4, member G",3.73419973312908,0.60663954232312,2.3357218586018,6.06601040455301,0
"phosphoinositide-3-kinase adaptor protein 1",4.3776124052307,1.04923129302804,1.99137979162891,7.60420499532655,0
"mast cell immunoglobulin-like receptor 1",3.45974058385864,0.588117579228232,2.48509685153337,5.15617991804525,0
"interferon, lambda receptor 1",3.03665420911024,0.448337270568388,1.85162495082207,4.65184882127744,0
"dipeptidyl-peptidase 10 (non-functional)",1.47963605336382,0.508400959814513,0.483968271021409,3.96063239594887,0
"leukocyte immunoglobulin-like receptor, subfamily B (with TM and ITIM domains), member 4",4.48606187180469,0.900568921715335,2.75712681901479,6.71609127682076,0
"C-type lectin domain family 4, member C",2.53640313349696,0.927884946450097,0.231827322913788,4.54077709785468,0
"C-type lectin domain family 4, member D",2.63536902011185,0.80196407353577,1.0820768565757,5.68378896781671,0
"TRAF family member-associated NFKB activator",3.90071584477692,1.06158888971391,0.56838031158021,5.67773443118628,0
"FXYD domain containing ion transport regulator 5",1.66152188860998,0.887624987833066,-0.766493092387981,5.16298731765245,8
"Fc receptor-like 3",1.25838592900315,0.454419835221874,0.385015048473173,3.75505164002538,0
"discoidin, CUB and LCCL domain containing 2",3.30337415714524,0.444680371472772,1.86977433995296,4.49477940586677,0
"protein phosphatase 1, regulatory subunit 9B",6.26934373107179,0.820875789113688,3.41411148449762,7.73944264331337,0
"C-type lectin domain family 7, member A",3.90112294008506,0.895808333483379,-0.282452038717967,7.04813941099663,2
"tripartite motif containing 5",3.04820184102533,0.901032257360547,-0.0785421197975124,4.85292639754817,1
"egl-9 family hypoxia-inducible factor 1",2.56874139556271,0.630898007523477,1.43867733484137,4.29744596556178,0
"plexin A4",7.51899778739439,1.43032569325227,3.28582129632135,9.84448921721136,0
"triggering receptor expressed on myeloid cells 1",1.83469462354741,0.725873005956187,0.169741326857036,4.30505038131529,0
"interleukin-1 receptor-associated kinase 4",4.59643590834435,1.09860409486235,0.564838614186424,6.37530906207697,0
"contactin associated protein-like 2",1.79307195757767,0.4223202413393,0.837448205659317,3.48573958175739,0
"integrin, alpha 11",2.30900660518263,0.592645426757342,0.794748552795976,3.83992277433352,0
"C-type lectin domain family 4, member A",3.49035940203118,0.549301798543181,2.22312127174738,4.7034710192407,0
"dual adaptor of phosphotyrosine and 3-phosphoinositides",6.37030098352409,1.12111172039075,2.13448370966942,8.57650458127389,0
"ectodysplasin A receptor",1.95452559409275,1.4010439248768,-0.233946578731656,5.52060010466774,7
"SH2B adaptor protein 3",7.45275049910691,1.29835756393002,2.94532432506914,10.329142045178,0
"lysosomal-associated membrane protein 3",4.84304193430882,0.960227914493691,2.83492672781168,7.13760769503368,0
"peptidyl arginine deiminase, type II",0.147541422856349,0.481555408233646,-0.803016123715616,2.34957975711084,103
"signaling threshold regulating transmembrane adaptor 1",3.01965294884926,0.592189931810843,1.57546661081587,4.6525887602646,0
"leukocyte immunoglobulin-like receptor, subfamily A (with TM domain), member 5",4.4264480322008,0.560183626461019,2.98574814796622,5.9952933909567,0
"synaptosomal-associated protein, 23kDa",4.78082891386552,0.940428134391602,1.55339319718327,6.39651739824249,0
"angiopoietin 2",2.30264864040638,0.755951281726876,0.714252462075676,5.41033081059705,0
"kallikrein-related peptidase 10",3.01724608726153,0.53449624692627,1.67747238101735,4.30877027582484,0
"angiopoietin-like 7",1.00843312683489,0.601808247876086,-0.112837715350703,4.49549173349331,3
"ectonucleoside triphosphate diphosphohydrolase 5",1.43340562339628,0.510209308794016,-0.0749124884416561,3.41753224639913,1
"GRB2-related adaptor protein 2",6.04462063106184,1.47689081183516,1.6199000117066,8.78547112789034,0
"neuronal pentraxin receptor",3.51107967030134,0.857754020548238,2.05278007794997,6.9698270964563,0
"NAD kinase",4.97015762711736,1.44122331976607,2.91053175886571,9.32523831962544,0
"angiopoietin-like 1",3.820447935478,0.655431373130297,2.5298741434507,5.9965372578275,0
"aldehyde dehydrogenase 1 family, member A1",2.81960648621138,0.830206430948806,1.17574192971912,6.48276844770439,0
"thyroid stimulating hormone, beta",3.02305197909916,1.16447455995665,-0.0376485562195776,8.40771129389954,1
"arginase 1",0.944660223806843,0.685151938893952,-0.927941817794443,4.81720072058832,16
"enolase 2 (gamma, neuronal)",4.04951426926548,0.876767318602748,1.53935640418659,5.83470295381179,0
"quinoid dihydropteridine reductase",5.77961898598575,0.728151928793355,3.86801910709248,8.41928538562022,0
"fructose-1,6-bisphosphatase 1",1.9041564827517,1.43140392134584,-0.745705260918695,9.37916422307685,6
"annexin A4",2.03841234951299,1.25657205322694,-0.39362094180766,5.03738619537811,14
"cathepsin H",1.73565608642638,0.840290498727958,-0.628787491300796,7.59142700408715,4
"ribonuclease, RNase A family, 3",3.09389367241468,1.2710626684935,-0.577926529516596,7.93442411966404,2
"versican",4.02698269654577,0.846310588118963,1.85541235685257,7.11458676034374,0
"NAD(P)H dehydrogenase, quinone 2",0.212337082187488,0.72074341524248,-2.20827179377887,3.60823614296042,89
"cadherin 2, type 1, N-cadherin (neuronal)",3.54177384191327,0.772914327602807,1.31776348004885,5.40060162116801,0
"thymidine phosphorylase",8.0107894958626,1.0777131964173,5.33274135781968,10.4171183531891,0
"dopa decarboxylase (aromatic L-amino acid decarboxylase)",5.25211378635159,0.862765559566393,3.27412005010882,9.91298016870246,0
"catechol-O-methyltransferase",4.24922902034322,1.07287536424034,1.21836654509918,6.78281606471305,0
"galanin/GMAP prepropeptide",4.95519321583215,1.14367709016641,1.76724340730408,8.89542429424104,0
"adenosylhomocysteinase",1.74003527649054,0.622335047612571,0.277913716514259,3.91940074866825,0
"S100 calcium binding protein P",0.975855509443417,0.63365851900645,0.216088808381592,7.21085939248575,0
"integrin, beta 7",1.71456255177813,0.444125444326934,0.580364567840255,3.5199270185326,0
"APEX nuclease (multifunctional DNA repair enzyme) 1",2.49785749197789,1.02143854733251,0.643310987531071,6.54187818141343,0
"CD1c molecule",3.8787553920019,0.901149910774405,1.08138620265522,6.05123551361521,0
"syndecan 4",4.31707453031562,0.934266299061856,1.99064273398816,6.64743038966531,0
"serpin peptidase inhibitor, clade B (ovalbumin), member 6",4.52003629759973,0.674937325430664,2.58683479472954,6.00710033976554,0
"glutaredoxin (thioltransferase)",1.77717210732578,0.520594946727428,0.655378278783516,4.49097993650707,0
"CD79b molecule, immunoglobulin-associated beta",2.65936994624956,0.719144329462639,0.836815383349985,5.28149393230585,0
"ubiquitin specific peptidase 8",2.4063304755368,1.24682926847541,-0.460447355869729,5.30694413786632,4
"protein phosphatase 1, regulatory (inhibitor) subunit 2",4.5631121731864,0.980760791484813,1.80968813326247,6.82107946449638,0
"cathepsin O",2.60176233007391,0.600392302437549,1.50712976723661,4.73167422443188,0
"v-crk avian sarcoma virus CT10 oncogene homolog-like",4.05912050905108,1.25463189615789,-0.429473566395135,5.89884135946768,2
"BCL2-associated athanogene 6",3.70689589921777,0.871128323065312,1.75783685271276,5.46264470026068,0
"serpin peptidase inhibitor, clade B (ovalbumin), member 8",2.71845574548459,0.631879796010574,1.33979875744485,5.21498137642089,0
"annexin A11",2.63059440692123,1.58326164990948,-1.52589316470217,5.31260872108429,20
"amyloid beta (A4) precursor-like protein 1",4.6087924779611,1.06121685620416,2.00491345183695,7.77547157814809,0
"hepatoma-derived growth factor",2.2774821704524,0.930414741316064,-0.0366169572120066,4.87303228544943,1
"thimet oligopeptidase 1",5.48200965361552,0.582677621421913,4.23886907991252,7.96472691175846,0
"Dab, mitogen-responsive phosphoprotein, homolog 2 (Drosophila)",3.67064015890369,1.69908328230126,-1.06922075317254,7.17309991964379,5
"receptor tyrosine kinase-like orphan receptor 1",2.15756463574175,0.721279356341762,-0.0219677765141163,4.29061300727322,1
"FK506 binding protein 4, 59kDa",2.61122863375113,1.01490176717418,-0.962768298174067,4.67152603644646,2
"trefoil factor 2",3.9439374383813,0.905876426928776,1.71611195833146,6.3939544920143,0
"CD164 molecule, sialomucin",4.66662319798835,0.50034816611383,3.22625812802482,6.13703457704041,0
"TYRO3 protein tyrosine kinase",1.33238560556784,0.454256242842358,-0.69095520931899,2.7237768918683,2
"sema domain, immunoglobulin domain (Ig), short basic domain, secreted, (semaphorin) 3F",3.081607707292,0.55430455344699,1.67376611749515,4.84371965430904,0
"NODAL modulator 1",4.71529323850542,0.467246265855681,3.17704969705183,5.82235697607976,0
"clusterin-like 1 (retinal)",3.75192039122984,0.626844214076765,1.55625061355002,5.28388237122547,0
"cysteine conjugate-beta lyase, cytoplasmic",6.87390071147623,0.952405352119225,4.07870347238476,9.89534326225322,0
"meprin A, beta",1.4423183676661,1.2674618483737,-1.56162858558974,5.21063544607854,30
"meteorin, glial cell differentiation regulator-like",3.41248450988137,0.454617437879872,1.93916893307205,4.76084976739377,0
"ectonucleotide pyrophosphatase/phosphodiesterase 7",3.0846824588772,1.27171404723207,-1.60411972587601,6.92629777971886,2
"chordin-like 2",2.64820709086387,0.796742810134258,0.709298753880341,4.65637625012837,0
"coiled-coil domain containing 80",5.31272866606024,0.847548814370995,3.3470450983241,8.31505250213464,0
"low density lipoprotein receptor-related protein 11",4.22834348115116,0.638057658090694,2.62212198771897,6.48791090256859,0
"G protein-coupled receptor 64",1.37747952751812,0.612863736181707,0.0397400311291292,3.25988004231121,0
"carbonic anhydrase XIII",6.11649760112444,1.35658446588996,2.06790647768005,8.19505163427337,0
"sulfatase modifying factor 2",4.37968206356568,0.815412553543121,1.43192556231975,6.05408119513192,0
"thioredoxin domain containing 5 (endoplasmic reticulum)",3.00511668556346,0.901439753062533,0.142272507230678,4.71474997972601,0
"multiple coagulation factor deficiency 2",4.05479593658314,0.43824382695268,2.69685376161705,5.15456662606203,0
"scavenger receptor cysteine rich domain containing, group B (4 domains)",0.692954046170022,1.53960205265411,-2.02273313010848,5.91164071844441,91
"calcium activated nucleotidase 1",4.56035460422142,0.379383752231826,3.29305722683712,5.49459381864846,0
"insulin-like growth factor binding protein-like 1",2.81561341200063,0.681279453202002,1.10051408122842,5.43117296286466,0
"family with sequence similarity 3, member C",5.91279664994206,0.535583428495263,3.61880102119245,7.92281941993377,0
"poliovirus receptor-related 2 (herpesvirus entry mediator B)",7.02132124776312,0.446763094191217,4.81089632790485,8.69649202710457,0
"leucine-rich repeats and immunoglobulin-like domains 1",3.94917739424466,0.753604962998593,2.48648124894952,5.86478079860199,0
"Fc receptor-like 1",3.6975809043558,0.723899226886207,0.246284117228945,5.89642053209768,0
"sclerostin",4.41496609159962,0.579374168788729,2.88841116134589,6.23875196300032,0
"regenerating islet-derived family, member 4",6.55885252231565,0.858199504962147,4.16203363397319,8.88684607096253,0
"reticulon 4 receptor",1.74487038334683,0.506858867731615,-0.126618896822648,3.39769372659848,1
"tubulointerstitial nephritis antigen-like 1",4.1040920996953,0.624172995077111,2.97933771553571,6.02190132007947,0
"calsyntenin 2",2.9040721407821,0.517558083629448,1.54869005218796,4.91057270639789,0
"CXADR-like membrane protein",2.36596845259101,0.701232647060158,0.804823867481187,4.98667703681711,0
"cadherin-related family member 5",2.37108966381805,0.565162746853734,0.846806800876908,3.98194441748529,0
"acid phosphatase 6, lysophosphatidic,Lysophosphatidic acid phosphatase type 6",3.57568422662137,0.554544670786682,2.3226239601466,4.92558824969222,0
"neural proliferation, differentiation and control, 1",5.11828315072213,0.697240020241385,1.45326126249404,8.0958606183763,0
"diablo, IAP-binding mitochondrial protein",1.78930394587062,1.36410299134673,-1.63732777221875,4.76447719905785,31
"phosphoprotein associated with glycosphingolipid microdomains 1",3.67013115957421,0.92347094817436,1.59533571473829,5.92608309787695,0
"C-type lectin domain family 5, member A",4.30444226655129,0.704147130107414,3.05673099470403,6.9356280328881,0
"ghrelin/obestatin prepropeptide",3.1101085073142,1.26095913315282,0.191528859122787,7.3565714770456,0
"dipeptidyl-peptidase 7",1.24046991535694,0.991065849174085,-3.7749768954185,3.5185097984556,24
"egf-like module containing, mucin-like, hormone receptor-like 2",3.29681367679731,0.520438669240444,0.198807924710494,4.72643050009498,0
"paired immunoglobin-like type 2 receptor beta",5.45472125477695,0.876299990215053,3.490365821265,7.43209160143239,0
"sialic acid binding Ig-like lectin 7",3.15694833075184,0.426948120375716,1.93086691692952,4.41787974075694,0
"CD2-associated protein",6.58191422433932,1.00180611874797,3.68881536582958,8.7081736142923,0
"syntaxin binding protein 3",1.17503689561751,0.640586205391576,-0.370895360418673,4.45093203280361,6
"carboxylesterase 2",1.91969931813284,0.611983406120749,0.997803975032376,4.15592355228241,0
"integrin beta 1 binding protein 1",1.23880277197498,0.487884346343181,0.0458829046897361,2.59685099146124,0
"inositol polyphosphate phosphatase-like 1",6.54458684677853,1.32296347119575,2.46869815324492,8.97228141826019,0
"carbonic anhydrase XII",3.751382939332,0.511915698613743,2.45499687760654,5.97592500257307,0
"EGF-like repeats and discoidin I-like domains 3",1.70985524072372,0.450480562968261,0.857666654779533,2.99320127016606,0
"perilipin 1",2.95005585664082,0.805724549126446,1.30639837343186,5.23829690543898,0
"hematopoietic prostaglandin D synthase",1.7642773885179,0.658399677928735,0.312724442426795,3.65824930136951,0
"nibrin",3.25574530900609,0.826147487936864,1.1796704604663,6.479348991849,0
"ectonucleoside triphosphate diphosphohydrolase 6 (putative)",3.06746480150266,0.338390721741552,1.96016809010861,4.14630910539326,0
"protein kinase, interferon-inducible double stranded RNA dependent activator",3.1027336540985,0.948409471153308,0.743271611461465,5.97687138277264,0
"protein phosphatase, Mg2+/Mn2+ dependent, 1B",1.83505601552851,0.578217930462904,0.685954090192978,3.47838492967285,0
"ATPase, H+ transporting, lysosomal accessory protein 2",2.23985684238768,0.434103065830663,1.11041114608186,4.82187246857113,0
"apoptosis-inducing factor, mitochondrion-associated, 1",4.9202689309291,1.45018585925665,0.131277673026617,7.18686343441764,0
"anterior gradient 2",3.23374733880474,1.18149575447709,0.854687109039565,6.26520617206352,0
"luteinizing hormone beta polypeptide",2.67325710438456,1.11036185441837,0.869523422625906,8.08692155062859,0
"calcitonin-related polypeptide alpha",6.44841906572563,1.64193764990454,3.98748024878369,11.4046075429643,0
"erythropoietin",1.89863505638248,1.08051528486809,0.323348784749258,7.34994021070949,0
"corticotropin releasing hormone",2.81293823772563,1.30223695015319,0.727751409521412,10.7891413335963,0
"feline sarcoma oncogene",0.473337262444454,0.691017699447343,-1.05955370920408,3.41226466899074,53
"v-yes-1 Yamaguchi sarcoma viral oncogene homolog 1",9.18530919466948,1.12684389105044,5.6307430336707,11.2736042635981,0
"feline Gardner-Rasheed sarcoma viral oncogene homolog",4.18852322172602,0.706384931909167,2.5702247982537,6.1982202224875,0
"leukotriene A4 hydrolase",-0.205137205617914,0.568417550007014,-1.548175083416,1.29948355455501,157
"troponin I type 3 (cardiac)",2.44726005728952,2.06809873086681,-1.59309383890895,10.5627557336079,18
"neutrophil cytosolic factor 2",5.40622078823595,0.858700488957626,3.66111153125858,8.99044628073447,0
"parvalbumin",8.52705705482508,1.65096502069055,3.91924357274597,11.6351470216801,0
"RAS p21 protein activator (GTPase activating protein) 1",-0.884343017841929,0.821595957209245,-2.11489321323008,4.73612460346219,222
"pleiotrophin",4.89944467181886,1.89950205089519,1.53743981921461,8.81234850850583,0
"natriuretic peptide C",3.70286354027841,0.809743920204486,2.10905097425577,6.15636727357941,0
"proteasome (prosome, macropain) subunit, alpha type, 1",1.30615535112002,0.88014279229461,0.0126787660840953,5.64594839965263,0
"calreticulin",1.23089873416479,0.722181484035465,-0.23864286716135,4.23931048466381,9
"nitric oxide synthase 3 (endothelial cell)",2.65039401222353,0.842457901346899,0.64164229779184,5.9728305229781,0
"aldehyde dehydrogenase 3 family, member A1",1.63125553549915,0.980024505001226,-0.0506545112817232,6.30453146314174,1
"betacellulin",2.9617738513497,0.993797556886364,0.775136721164,5.30365292609466,0
"capping protein (actin filament), gelsolin-like",3.7617807158048,0.865089169414354,1.43130269823336,5.82805337692096,0
"dipeptidyl-peptidase 6",3.16817990380127,0.485405708745214,1.92665533573902,4.48820630650465,0
"Wiskott-Aldrich syndrome",3.58931640953635,1.53923150869622,-0.963452543292393,5.95030956659177,6
"casein kinase 1, delta",2.82954218687804,1.0428547721574,0.666000051909823,5.1279254765698,0
"paxillin",3.59360894664368,0.708511124352529,2.18051813590523,6.17712566025671,0
"placental growth factor_3",8.41172717586372,0.641509891336492,7.08564497316768,11.3947343906655,0
"retinoic acid receptor responder (tazarotene induced) 1",2.23376067271982,0.281216238892321,1.31461234409336,3.2931613468956,0
"Ras association (RalGDS/AF-6) domain family member 2",2.54120727531927,0.631087552778655,1.16836672825721,4.63910924660851,0
"FBJ murine osteosarcoma viral oncogene homolog B",1.60839022891017,0.71702103527517,0.253529753970172,5.67228034445959,0
"methionyl aminopeptidase 1",0.603567756533371,0.334055554088953,-0.174322183606119,2.00105694733517,3
"BH3 interacting domain death agonist",0.730020954256692,0.755445736425717,-1.19517773633005,3.03612900797998,43
"MYC associated factor X",4.24650935711763,1.17391060933465,0.879829698571911,6.35404336485656,0
"FK506 binding protein 1B, 12.6 kDa",2.42439408241009,1.00525660275981,0.240924032935898,6.32165913700835,0
"nucleobindin 2",6.17965360743673,0.869125352594569,3.79590116838395,8.17116620772113,0
"transmembrane protease, serine 15",1.15078411619775,1.31935379240552,-2.12969585005903,4.37866670077826,47
"contactin 2 (axonal)",4.29666710098605,0.61085058046655,2.92898023819748,6.44018250294119,0
"topoisomerase (DNA) II beta 180kDa",5.26938954648074,1.02441933645955,2.21953569003981,7.91816572208156,0
"mevalonate kinase",5.42808018489506,1.05027397423633,3.06551385602521,7.63636987826594,0
"low density lipoprotein receptor-related protein 1",3.50980899930198,0.349593159730006,2.65437515851538,4.3273777221771,0
"fatty acid binding protein 9, testis",1.61345445929403,0.641682535254886,-0.0588903189850741,3.60176429253945,1
"ST3 beta-galactoside alpha-2,3-sialyltransferase 1",4.7795961610986,0.581722526157821,3.59341281311677,6.7651312668634,0
"forkhead box O1",5.5252287988504,1.18725612814003,1.70545217174911,8.27111843225496,0
"protein tyrosine phosphatase, receptor type, J",3.74618464464731,1.27797083706911,0.284042368078415,6.16633177593391,0
"BMP and activin membrane-bound inhibitor",1.64260450811962,0.538141187056366,0.566574427870706,4.18046846109728,0
"protein tyrosine kinase 7",2.64492743328527,0.625280225843751,1.21825579661612,5.13787009566085,0
"programmed cell death 1",1.37952356834466,0.613361667604241,0.362389848933354,5.40188497865802,0
"paraoxonase 2",2.94555782701631,0.510721652806027,1.53307254202734,4.172670727667,0
"SMAD family member 1",4.18724193307662,1.7120304005932,-0.419547451914941,6.90732277793719,2
"macrophage erythroblast attacher",1.48472756703385,0.578644220983855,0.244056989488247,4.53696636742763,0
"vasohibin 1",2.08469684395937,1.53699105337134,-2.1654375912404,4.33223361430434,31
"ribonucleotide reductase M2 B (TP53 inducible)",2.7484955737508,0.771056215721767,0.647141454154233,4.71612882520869,0
"desmoglein 4",3.03164490902985,0.915287629234375,0.613915872144799,5.13276017635351,0
"UDP-N-acetyl-alpha-D-galactosamine:polypeptide N-acetylgalactosaminyltransferase 10 (GalNAc-T10)",1.93986182550106,0.383447521044466,1.02633030581852,2.93115279699921,0
"serpin peptidase inhibitor, clade A (alpha-1 antiproteinase, antitrypsin), member 9",2.88649648433256,0.970273081924755,0.857751721467153,5.60732430826361,0
"plexin domain containing 1",0.94121044276383,0.424156087944991,-0.0889807087782428,2.96665451291342,2
"enabled homolog (Drosophila)",3.07759594796459,0.68037041923363,1.41027936822391,4.94021278041202,0
"C-type lectin domain family 1, member A",3.40038164987221,0.447606871207905,2.50184401638863,5.51844083408117,0
"B-cell scaffold protein with ankyrin repeats 1",10.5573527063436,1.20050114719092,6.40248446578011,12.8560059723591,0
"hepatitis A virus cellular receptor 1_3",8.30525620128924,1.27995876561994,5.62094233993367,12.4721683575653,0
"hepatitis A virus cellular receptor 1_4",9.20060073468751,1.26390593801752,6.49806194852997,13.1989173228988,0
"erbb2 interacting protein",6.09892252607952,1.08115025601742,2.67316755981898,7.77382380307259,0
"amnion associated transmembrane protein",3.72658106494721,0.862384850779315,1.91231710744749,6.55534662939119,0
"linker for activation of T cells family, member 2",6.7469614896662,1.21287668093803,3.21132506368704,9.00678574970854,0
"claspin",1.50119648016797,0.506460995001181,0.346578766679949,3.68868268438797,0
"chromosome 12 open reading frame 5",2.87414058557296,0.548996757891064,1.20086781440163,4.42045770095841,0
"platelet derived growth factor C",3.91841814755436,0.406730048503952,2.29429472624029,5.18868300001301,0
"sirtuin 5",-1.29472095844996,0.748496063637242,-2.34932975209372,0.788174542425138,227
"pyruvate dehyrogenase phosphatase catalytic subunit 1",2.50147417820739,0.864732669562548,0.742215623508976,5.34474796969492,0
"EGF-like-domain, multiple 7",6.07120181705009,0.493972118260004,4.8207412160333,7.85238810825398,0
"REST corepressor 1",3.03779892517508,0.641964332337053,1.69145082229267,7.66606149696534,0
"carbonic anhydrase XIV",1.96257667579467,0.730744437113837,0.175216905679754,4.00770771264225,0
"syntaxin 8",4.83838587342767,1.21507620907422,1.60311192386995,6.6687673382375,0
"protein kinase, AMP-activated, beta 1 non-catalytic subunit",2.99889974634487,0.998236944738125,0.460884789433988,5.05045655029724,0
"mitogen-activated protein kinase kinase kinase kinase 5",7.78245537860826,1.32607178961721,3.07304075257205,10.2290057102046,0
"negative regulator of ubiquitin-like proteins 1",3.21869378420165,1.36180448121915,-0.0774259661370801,6.86934721544565,2
"ectonucleoside triphosphate diphosphohydrolase 2",1.60661352768292,0.53915420253496,0.622438786691527,5.27687592922704,0
"melanoma antigen family D, 1",0.960810833654032,0.69462048909053,-0.916095507539151,3.31036349925118,21
"G protein-coupled receptor 56",2.24729142641195,1.05950435615661,0.647714801660291,6.4175351512922,0
